Workbook

Sheet TP1
A1: CÔNG TY CỔ PHẦN CẤP NƯỚC | F1: BM-TCKT: 02-01
A2: PHÒNG QUẢN LÝ KHÁCH HÀNG
A4: PHIẾU XIN LĨNH VẬT TƯ
A5: 46167
D6: Số: | E6: 70
B8: Người lĩnh: | C8: Nguyễn Việt Hồng
B9: Địa chỉ | C9: Xí nghiệp cấp nước thành phố số 1
B10: Lĩnh tại kho: | C10: Kho VP Công ty (001)
B11: Mục đích sử dụng: | C11: Đồng hồ lắp đặt mới; lắp đặt thay thế bảo hành
A13: STT | B13: TÊN VẬT TƯ | D13: ĐƠN VỊ | E13: SỐ LƯỢNG | F13: GHI CHÚ
A14: 1 | B14: Đồng hồ Itron d=15mm (Sửa chữa) | D14: Cái | E14: 190 | F14: Thay BHKH (Tháng 6)
A15: 2 | B15: Đồng hồ Itron d=15mm (Mới) | D15: Cái | E15: 20 | F15: Lắp mới KH
A16: 3 | B16: Đồng hồ Itron d=80mm (Mới) | D16: Cái | E16: 1 | F16: Lắp mới KH
B19: Cộng | E19: =SUM(E14:E18) -> 211
A21: NGƯỜI XIN LĨNH | E21: XƯỞNG ĐỒNG HỒ
A26: =C8 -> Nguyễn Việt Hồng | E26: Bùi Đức Duy
C29: P. QUẢN LÝ KHÁCH HÀNG
C34: Phạm Phương Đông

Sheet TP2
A1: CÔNG TY CỔ PHẦN CẤP NƯỚC | F1: BM-TCKT: 02-01
A2: PHÒNG QUẢN LÝ KHÁCH HÀNG
A4: PHIẾU XIN LĨNH VẬT TƯ
A5: ='TP1'!A5 -> 46167
D6: Số: | E6: =H6 -> 71 | H6: ='TP1'!E6+1 -> 71
B8: Người lĩnh: | C8: Nguyễn Ngọc Thạch
B9: Địa chỉ | C9: Xí nghiệp cấp nước thành phố số 2
B10: Lĩnh tại kho: | C10: Kho VP Công ty (001)
B11: Mục đích sử dụng: | C11: Đồng hồ lắp đặt mới; lắp đặt thay thế bảo hành
A13: STT | B13: TÊN VẬT TƯ | D13: ĐƠN VỊ | E13: SỐ LƯỢNG | F13: GHI CHÚ
A14: 1 | B14: Đồng hồ Itron d=15mm (Sửa chữa) | D14: Cái | E14: 10 | F14: Thay BHKH (Tháng 5)
A15: 2 | B15: Đồng hồ Itron d=15mm (Mới) | D15: Cái | E15: 20 | F15: Lắp mới KH
A16: 3 | B16: Đồng hồ Flodis d=25mm (Mới) | D16: Cái | E16: 1 | F16: Thay BHKH
B19: Cộng | E19: =SUM(E14:E18) -> 31
A21: NGƯỜI XIN LĨNH | E21: XƯỞNG ĐỒNG HỒ
A26: =C8 -> Nguyễn Ngọc Thạch | E26: Bùi Đức Duy
C29: P. QUẢN LÝ KHÁCH HÀNG
C34: Phạm Phương Đông

Sheet MS
A1: CÔNG TY CỔ PHẦN CẤP NƯỚC | F1: BM-TCKT: 02-01
A2: PHÒNG QUẢN LÝ KHÁCH HÀNG
A4: PHIẾU XIN LĨNH VẬT TƯ
A5: ='TP1'!A5 -> 46167
D6: Số: | E6: =H7 -> 72
H7: ='TP2'!E6+1 -> 72
B8: Người lĩnh: | C8: Hồ Thành Trung
B9: Địa chỉ | C9: Xí nghiệp cấp nước Mai Sơn
B10: Lĩnh tại kho: | C10: Kho VP Công ty (001)
B11: Mục đích sử dụng: | C11: Đồng hồ lắp đặt mới; lắp đặt thay thế bảo hành
A13: STT | B13: TÊN VẬT TƯ | D13: ĐƠN VỊ | E13: SỐ LƯỢNG | F13: GHI CHÚ
A14: 1 | B14: Đồng hồ Itron d=15mm (Sửa chữa) | D14: Cái | E14: 90 | F14: Thay BHKH (Tháng 6)
A15: 2 | B15: Đồng hồ Itron d=15mm (Mới) | D15: Cái | E15: 20 | F15: Lắp mới KH
B19: Cộng | E19: =SUM(E14:E18) -> 110
A21: NGƯỜI XIN LĨNH | E21: XƯỞNG ĐỒNG HỒ
A26: =C8 -> Hồ Thành Trung | E26: Bùi Đức Duy
C29: P. QUẢN LÝ KHÁCH HÀNG
C34: Phạm Phương Đông

Sheet MC
A1: CÔNG TY CỔ PHẦN CẤP NƯỚC | F1: BM-TCKT: 02-01
A2: PHÒNG QUẢN LÝ KHÁCH HÀNG
A4: PHIẾU XIN LĨNH VẬT TƯ
A5: ='TP1'!A5 -> 46167
D6: Số: | E6: =H6 -> 73 | H6: =MS!E6+1 -> 73
B8: Người lĩnh: | C8: Phạm Minh Đức
B9: Địa chỉ | C9: Chi nhánh cấp nước Mộc Châu
B10: Lĩnh tại kho: | C10: Kho VP Công ty (001)
B11: Mục đích sử dụng: | C11: Đồng hồ lắp đặt mới; Lắp bảo hành
A13: STT | B13: TÊN VẬT TƯ | D13: ĐƠN VỊ | E13: SỐ LƯỢNG | F13: GHI CHÚ
A14: 1 | B14: Đồng hồ Itron d=15mm (Sửa chữa) | D14: Cái | E14: 70 | F14: Thay BHKH (Tháng 6)
B18: Cộng | E18: =SUM(E14:E17) -> 70
A20: NGƯỜI XIN LĨNH | E20: XƯỞNG ĐỒNG HỒ
A25: =C8 -> Phạm Minh Đức | E25: Bùi Đức Duy
C28: P. QUẢN LÝ KHÁCH HÀNG
C33: Phạm Phương Đông

Sheet TC
A1: CÔNG TY CỔ PHẦN CẤP NƯỚC | F1: BM-TCKT: 02-01
A2: PHÒNG QUẢN LÝ KHÁCH HÀNG
A4: PHIẾU XIN LĨNH VẬT TƯ
A5: ='TP1'!A5 -> 46167
D6: Số: | E6: =H6 -> 74 | H6: =MC!E6+1 -> 74
B8: Người lĩnh: | C8: Vũ Ngọc Tuấn
B9: Địa chỉ | C9: Chi nhánh cấp nước Thuận Châu
B10: Lĩnh tại kho: | C10: Kho VP Công ty (001)
B11: Mục đích sử dụng: | C11: Đồng hồ lắp đặt mới; lắp đặt thay thế bảo hành
A13: STT | B13: TÊN VẬT TƯ | D13: ĐƠN VỊ | E13: SỐ LƯỢNG | F13: GHI CHÚ
A14: 1 | B14: Đồng hồ Itron d=15mm (Sửa chữa) | D14: Cái | E14: 50 | F14: Thay BHKH (Tháng 6)
A15: 2 | B15: Đồng hồ Itron d=15mm (Mới) | D15: Cái | E15: 10 | F15: Lắp mới KH
B19: Cộng | E19: =SUM(E14:E18) -> 60
A21: NGƯỜI XIN LĨNH | E21: XƯỞNG ĐỒNG HỒ
A26: =C8 -> Vũ Ngọc Tuấn | E26: Bùi Đức Duy
C29: P. QUẢN LÝ KHÁCH HÀNG
C34: Phạm Phương Đông

Sheet YC
A1: CÔNG TY CỔ PHẦN CẤP NƯỚC | F1: BM-TCKT: 02-01
A2: PHÒNG QUẢN LÝ KHÁCH HÀNG
A4: PHIẾU XIN LĨNH VẬT TƯ
A5: ='TP1'!A5 -> 46167
D6: Số: | E6: =H6 -> 75 | H6: =TC!E6+1 -> 75
B8: Người lĩnh: | C8: Trịnh Thanh Hồng
B9: Địa chỉ | C9: Chi nhánh cấp nước Yên Châu
B10: Lĩnh tại kho: | C10: Kho VP Công ty (001)
B11: Mục đích sử dụng: | C11: Đồng hồ lắp đặt mới; lắp đặt thay thế bảo hành
A13: STT | B13: TÊN VẬT TƯ | D13: ĐƠN VỊ | E13: SỐ LƯỢNG | F13: GHI CHÚ
A14: 1 | B14: Đồng hồ Itron d=15mm (sửa chữa) | D14: Cái | E14: 20 | F14: Thay BHKH (Tháng 6)
B19: Cộng | E19: =SUM(E14:E18) -> 20
A21: NGƯỜI XIN LĨNH | E21: XƯỞNG ĐỒNG HỒ
A26: =C8 -> Trịnh Thanh Hồng | E26: Bùi Đức Duy
C30: P. QUẢN LÝ KHÁCH HÀNG
C35: Phạm Phương Đông

Sheet ML
A1: CÔNG TY CỔ PHẦN CẤP NƯỚC | F1: BM-TCKT: 02-01
A2: PHÒNG QUẢN LÝ KHÁCH HÀNG
A4: PHIẾU XIN LĨNH VẬT TƯ
A5: ='TP1'!A5 -> 46167
D6: Số: | E6: =H6 -> 76 | H6: =YC!E6+1 -> 76
B8: Người lĩnh: | C8: Ngô Xuân Ngọc
B9: Địa chỉ | C9: Chi nhánh cấp nước Mường La
B10: Lĩnh tại kho: | C10: Kho VP Công ty (001)
B11: Mục đích sử dụng: | C11: Đồng hồ lắp đặt mới; lắp đặt thay thế bảo hành
A13: STT | B13: TÊN VẬT TƯ | D13: ĐƠN VỊ | E13: SỐ LƯỢNG | F13: GHI CHÚ
A14: 1 | B14: Đồng hồ Itron d=15mm (Sửa chữa) | D14: Cái | E14: 20 | F14: Thay BHKH (Tháng 6)
A15: 1 | B15: Đồng hồ Flodis d=25mm (Mới) | D15: Cái | E15: 1 | F15: Thay BHKH thủy điện
B17: Cộng | E17: =SUM(E14:E16) -> 21
A19: NGƯỜI XIN LĨNH | E19: XƯỞNG ĐỒNG HỒ
A24: =C8 -> Ngô Xuân Ngọc | E24: Bùi Đức Duy
C27: P. QUẢN LÝ KHÁCH HÀNG
C32: Phạm Phương Đông

Sheet BY
A1: CÔNG TY CỔ PHẦN CẤP NƯỚC | F1: BM-TCKT: 02-01
A2: PHÒNG QUẢN LÝ KHÁCH HÀNG
A4: PHIẾU XIN LĨNH VẬT TƯ
A5: ='TP1'!A5 -> 46167
D6: Số: | E6: =H6 -> 77 | H6: =ML!E6+1 -> 77
B8: Người lĩnh: | C8: Nguyễn Bá Bảo
B9: Địa chỉ | C9: Chi nhánh cấp nước Bắc Yên
B10: Lĩnh tại kho: | C10: Kho VP Công ty (001)
B11: Mục đích sử dụng: | C11: Đồng hồ lắp đặt mới; lắp đặt thay thế bảo hành
A13: STT | B13: TÊN VẬT TƯ | D13: ĐƠN VỊ | E13: SỐ LƯỢNG | F13: GHI CHÚ
A14: 1 | B14: Đồng hồ Itron d=15mm (Sửa chữa) | D14: Cái | E14: 10 | F14: Thay BHKH (Tháng 6)
B18: Cộng | E18: =SUM(E14:E17) -> 10
A20: NGƯỜI XIN LĨNH | E20: XƯỞNG ĐỒNG HỒ
A25: =C8 -> Nguyễn Bá Bảo | E25: Bùi Đức Duy
C28: P. QUẢN LÝ KHÁCH HÀNG
C33: Phạm Phương Đông

Sheet PY
A1: CÔNG TY CỔ PHẦN CẤP NƯỚC | F1: BM-TCKT: 02-01
A2: PHÒNG QUẢN LÝ KHÁCH HÀNG
A4: PHIẾU XIN LĨNH VẬT TƯ
A5: ='TP1'!A5 -> 46167
D6: Số: | E6: =H6 -> 78 | H6: =BY!E6+1 -> 78
B8: Người lĩnh: | C8: Ngô Thế Nghĩa
B9: Địa chỉ | C9: Chi nhánh cấp nước Phù Yên
B10: Lĩnh tại kho: | C10: Kho VP Công ty (001)
B11: Mục đích sử dụng: | C11: Đồng hồ lắp đặt mới; lắp đặt thay thế bảo hành
A13: STT | B13: TÊN VẬT TƯ | D13: ĐƠN VỊ | E13: SỐ LƯỢNG | F13: GHI CHÚ
A14: 1 | B14: Đồng hồ Itron d=15mm (Sửa chữa) | D14: Cái | E14: 40 | F14: Thay BHKH (Tháng 6)
A15: 2 | B15: Đồng hồ Itron d=15mm (Mới) | D15: Cái | E15: 20 | F15: Lắp mới KH
B19: Cộng | E19: =SUM(E14:E18) -> 60
A21: NGƯỜI XIN LĨNH | E21: XƯỞNG ĐỒNG HỒ
A26: =C8 -> Ngô Thế Nghĩa | E26: Bùi Đức Duy
C29: P. QUẢN LÝ KHÁCH HÀNG
C34: Phạm Phương Đông

Sheet SM
A1: CÔNG TY CỔ PHẦN CẤP NƯỚC | F1: BM-TCKT: 02-01
A2: PHÒNG QUẢN LÝ KHÁCH HÀNG
A4: PHIẾU XIN LĨNH VẬT TƯ
A5: ='TP1'!A5 -> 46167
D6: Số: | E6: =H6 -> 79 | H6: =PY!E6+1 -> 79
B8: Người lĩnh: | C8: Nguyễn Thanh Sơn
B9: Địa chỉ | C9: Chi nhánh cấp nước Sông Mã
B10: Lĩnh tại kho: | C10: Kho VP Công ty (001)
B11: Mục đích sử dụng: | C11: Đồng hồ lắp đặt mới; lắp đặt thay thế bảo hành
A13: STT | B13: TÊN VẬT TƯ | D13: ĐƠN VỊ | E13: SỐ LƯỢNG | F13: GHI CHÚ
A14: 1 | B14: Đồng hồ Itron d=15mm (Sửa chữa) | D14: Cái | E14: 30 | F14: Thay BHKH (Tháng 6)
A15: 2 | B15: Đồng hồ Itron d=15mm (Mới) | D15: Cái | E15: 10 | F15: Lắp mới KH
A16: 2 | B16: Đồng hồ Flodis d=25mm (Mới) | D16: Cái | E16: 3 | F16: Thay BHKH
B19: Cộng | E19: =SUM(E14:E18) -> 43
A21: NGƯỜI XIN LĨNH | E21: XƯỞNG ĐỒNG HỒ
A26: =C8 -> Nguyễn Thanh Sơn | E26: Bùi Đức Duy
C29: P. QUẢN LÝ KHÁCH HÀNG
C34: Phạm Phương Đông

Sheet SC
A1: CÔNG TY CỔ PHẦN CẤP NƯỚC | F1: BM-TCKT: 02-01
A2: PHÒNG QUẢN LÝ KHÁCH HÀNG
A4: PHIẾU XIN LĨNH VẬT TƯ
A5: ='TP1'!A5 -> 46167
D6: Số: | E6: =H6 -> 80 | H6: =SM!E6+1 -> 80
B8: Người lĩnh: | C8: Đoàn Quang Việt
B9: Địa chỉ | C9: Chi nhánh cấp nước Sốp Cộp
B10: Lĩnh tại kho: | C10: Kho VP Công ty (001)
B11: Mục đích sử dụng: | C11: Đồng hồ lắp đặt mới; lắp đặt thay thế bảo hành
A13: STT | B13: TÊN VẬT TƯ | D13: ĐƠN VỊ | E13: SỐ LƯỢNG | F13: GHI CHÚ
A14: 1 | B14: Đồng hồ Itron d=15mm (Sửa chữa) | D14: Cái | E14: 10 | F14: Thay BHKH (Tháng 6)
A15: 2 | B15: Đồng hồ Itron d=15mm (Mới) | D15: Cái | E15: 10 | F15: Lắp mới KH
B18: Cộng | E18: =SUM(E14:E17) -> 20
A20: NGƯỜI XIN LĨNH | E20: XƯỞNG ĐỒNG HỒ
A25: =C8 -> Đoàn Quang Việt | E25: Bùi Đức Duy
C28: P. QUẢN LÝ KHÁCH HÀNG
C33: Phạm Phương Đông

Sheet QN
A1: CÔNG TY CỔ PHẦN CẤP NƯỚC | F1: BM-TCKT: 02-01
A2: PHÒNG QUẢN LÝ KHÁCH HÀNG
A4: PHIẾU XIN LĨNH VẬT TƯ
A5: ='TP1'!A5 -> 46167
D6: Số: | E6: =H6 -> 81 | H6: =SC!E6+1 -> 81
B8: Người lĩnh: | C8: Trần Xuân Long
B9: Địa chỉ | C9: Chi nhánh cấp nước Quỳnh Nhai
B10: Lĩnh tại kho: | C10: Kho VP Công ty (001)
B11: Mục đích sử dụng: | C11: Đồng hồ lắp đặt mới; lắp đặt thay thế bảo hành
A13: STT | B13: TÊN VẬT TƯ | D13: ĐƠN VỊ | E13: SỐ LƯỢNG | F13: GHI CHÚ
A14: 1 | B14: Đồng hồ Itron d=15mm (Sửa chữa) | D14: Cái | E14: 20 | F14: Thay BHKH (Tháng 6)
A15: 2 | B15: Đồng hồ Itron d=15mm (Mới) | D15: Cái | E15: 10 | F15: Lắp mới KH
B19: Cộng | E19: =SUM(E14:E18) -> 30
A21: NGƯỜI XIN LĨNH | E21: XƯỞNG ĐỒNG HỒ
A26: =C8 -> Trần Xuân Long | E26: Bùi Đức Duy
C29: P. QUẢN LÝ KHÁCH HÀNG
C34: Phạm Phương Đông

Sheet YC (BL)
A1: CÔNG TY CỔ PHẦN CẤP NƯỚC | F1: BM-TCKT: 02-01
A2: PHÒNG QUẢN LÝ KHÁCH HÀNG
A4: PHIẾU XIN LĨNH VẬT TƯ
A5: ='TP1'!A5 -> 46167
D6: Số: | E6: 82 | H6: =TC!E6+1 -> 75
B8: Người lĩnh: | C8: Trịnh Thanh Hồng
B9: Địa chỉ | C9: Chi nhánh cấp nước Yên Châu
B10: Lĩnh tại kho: | C10: Kho VP Công ty (001)
B11: Mục đích sử dụng: | C11: Đồng hồ lắp đặt mới; lắp đặt thay thế bảo hành
A13: STT | B13: TÊN VẬT TƯ | D13: ĐƠN VỊ | E13: SỐ LƯỢNG | F13: GHI CHÚ
A14: 1 | B14: Đồng hồ Flodis d=32mm (Mới) | D14: Cái | E14: 1 | F14: Thay BHBL 07
A15: 1 | B15: Đồng hồ Flodis d=32mm (Mới) | D15: Cái | E15: 1 | F15: Thay BHBL 21
B19: Cộng | E19: =SUM(E14:E18) -> 2
A21: NGƯỜI XIN LĨNH | E21: XƯỞNG ĐỒNG HỒ
A26: =C8 -> Trịnh Thanh Hồng | E26: Bùi Đức Duy
C30: P. QUẢN LÝ KHÁCH HÀNG
C35: Phạm Phương Đông

Sheet ML (BL)
A1: CÔNG TY CỔ PHẦN CẤP NƯỚC | F1: BM-TCKT: 02-01
A2: PHÒNG QUẢN LÝ KHÁCH HÀNG
A4: PHIẾU XIN LĨNH VẬT TƯ
A5: ='TP1'!A5 -> 46167
D6: Số: | E6: 83 | H6: =YC!E6+1 -> 76
B8: Người lĩnh: | C8: Ngô Xuân Ngọc
B9: Địa chỉ | C9: Chi nhánh cấp nước Mường La
B10: Lĩnh tại kho: | C10: Kho VP Công ty (001)
B11: Mục đích sử dụng: | C11: Đồng hồ lắp đặt mới; lắp đặt thay thế bảo hành
A13: STT | B13: TÊN VẬT TƯ | D13: ĐƠN VỊ | E13: SỐ LƯỢNG | F13: GHI CHÚ
A14: 2 | B14: Đồng hồ Flodis d=32mm (Mới) | D14: Cái | E14: 1 | F14: Thay bhbl 13
B16: Cộng | E16: =SUM(E14:E15) -> 1
A18: NGƯỜI XIN LĨNH | E18: XƯỞNG ĐỒNG HỒ
A23: =C8 -> Ngô Xuân Ngọc | E23: Bùi Đức Duy
C26: P. QUẢN LÝ KHÁCH HÀNG
C31: Phạm Phương Đông

Sheet ML (TỔNG)
A1: CÔNG TY CỔ PHẦN CẤP NƯỚC | F1: BM-TCKT: 02-01
A2: PHÒNG QUẢN LÝ KHÁCH HÀNG
A4: PHIẾU XIN LĨNH VẬT TƯ
A5: ='TP1'!A5 -> 46167
D6: Số: | E6: 84 | H6: =YC!E6+1 -> 76
B8: Người lĩnh: | C8: Ngô Xuân Ngọc
B9: Địa chỉ | C9: Chi nhánh cấp nước Mường La
B10: Lĩnh tại kho: | C10: Kho VP Công ty (001)
B11: Mục đích sử dụng: | C11: Đồng hồ lắp đặt mới; lắp đặt thay thế bảo hành
A13: STT | B13: TÊN VẬT TƯ | D13: ĐƠN VỊ | E13: SỐ LƯỢNG | F13: GHI CHÚ
A14: 1 | B14: Đồng hồ Itron d=100mm (Mới) | D14: Cái | E14: 1 | F14: Thay BHĐH trạm bệnh viện
B17: Cộng | E17: =SUM(E14:E16) -> 1
A19: NGƯỜI XIN LĨNH | E19: XƯỞNG ĐỒNG HỒ
A24: =C8 -> Ngô Xuân Ngọc | E24: Bùi Đức Duy
C27: P. QUẢN LÝ KHÁCH HÀNG
C32: Phạm Phương Đông

Sheet BY (TỔNG)
A1: CÔNG TY CỔ PHẦN CẤP NƯỚC | F1: BM-TCKT: 02-01
A2: PHÒNG QUẢN LÝ KHÁCH HÀNG
A4: PHIẾU XIN LĨNH VẬT TƯ
A5: ='TP1'!A5 -> 46167
D6: Số: | E6: 85 | H6: =ML!E6+1 -> 77
B8: Người lĩnh: | C8: Nguyễn Bá Bảo
B9: Địa chỉ | C9: Chi nhánh cấp nước Bắc Yên
B10: Lĩnh tại kho: | C10: Kho VP Công ty (001)
B11: Mục đích sử dụng: | C11: Đồng hồ lắp đặt mới; lắp đặt thay thế bảo hành
A13: STT | B13: TÊN VẬT TƯ | D13: ĐƠN VỊ | E13: SỐ LƯỢNG | F13: GHI CHÚ
A14: 1 | B14: Đồng hồ Itron d=80mm (Mới) | D14: Cái | E14: 1 | F14: Thay BHĐH Tổng trạm phiên ban
B17: Cộng | E17: =SUM(E14:E16) -> 1
A19: NGƯỜI XIN LĨNH | E19: XƯỞNG ĐỒNG HỒ
A24: =C8 -> Nguyễn Bá Bảo | E24: Bùi Đức Duy
C27: P. QUẢN LÝ KHÁCH HÀNG
C32: Phạm Phương Đông

Sheet TP1 (BL)
A1: CÔNG TY CỔ PHẦN CẤP NƯỚC | F1: BM-TCKT: 02-01
A2: PHÒNG QUẢN LÝ KHÁCH HÀNG
A4: PHIẾU XIN LĨNH VẬT TƯ
A5: 46167
D6: Số: | E6: 86
B8: Người lĩnh: | C8: Nguyễn Việt Hồng
B9: Địa chỉ | C9: Xí nghiệp cấp nước thành phố số 1
B10: Lĩnh tại kho: | C10: Kho VP Công ty (001)
B11: Mục đích sử dụng: | C11: Đồng hồ lắp đặt mới; lắp đặt thay thế bảo hành
A13: STT | B13: TÊN VẬT TƯ | D13: ĐƠN VỊ | E13: SỐ LƯỢNG | F13: GHI CHÚ
A14: 1 | B14: Đồng hồ Flodis d=32mm (Mới) | D14: Cái | E14: 1 | F14: Thay BHBL 81
B19: Cộng | E19: =SUM(E14:E18) -> 1
A21: NGƯỜI XIN LĨNH | E21: XƯỞNG ĐỒNG HỒ
A26: =C8 -> Nguyễn Việt Hồng | E26: Bùi Đức Duy
C29: P. QUẢN LÝ KHÁCH HÀNG
C34: Phạm Phương Đông
